trial_id,condition_id,stack_algorithm,ground_algorithm,corruption_rate,seed,total_moves,num_regenerations,num_corruptions_occurred,final_state_valid,timeout
C1_T1,1,dig_out,greedy,0.05,100,9,2,1,True,False
C1_T2,1,dig_out,greedy,0.05,200,4,1,0,True,False
C1_T3,1,dig_out,greedy,0.05,300,19,1,0,True,False
C1_T4,1,dig_out,greedy,0.05,400,5,1,0,True,False
C1_T5,1,dig_out,greedy,0.05,500,5,1,0,True,False
C1_T6,1,dig_out,greedy,0.05,600,15,4,3,True,False
C1_T7,1,dig_out,greedy,0.05,700,25,2,2,True,False
C1_T8,1,dig_out,greedy,0.05,800,5,1,0,True,False
C1_T9,1,dig_out,greedy,0.05,900,13,1,0,True,False
C1_T10,1,dig_out,greedy,0.05,1000,28,1,0,True,False
C1_T11,1,dig_out,greedy,0.05,1100,22,2,1,True,False
C1_T12,1,dig_out,greedy,0.05,1200,8,3,2,True,False
C1_T13,1,dig_out,greedy,0.05,1300,27,1,0,True,False
C1_T14,1,dig_out,greedy,0.05,1400,4,1,0,True,False
C1_T15,1,dig_out,greedy,0.05,1500,10,1,1,True,False
C1_T16,1,dig_out,greedy,0.05,1600,9,2,1,True,False
C1_T17,1,dig_out,greedy,0.05,1700,5,2,1,True,False
C1_T18,1,dig_out,greedy,0.05,1800,4,1,0,True,False
C1_T19,1,dig_out,greedy,0.05,1900,8,1,0,True,False
C1_T20,1,dig_out,greedy,0.05,2000,19,1,0,True,False
C1_T21,1,dig_out,greedy,0.05,2100,6,1,0,True,False
C1_T22,1,dig_out,greedy,0.05,2200,15,3,2,True,False
C1_T23,1,dig_out,greedy,0.05,2300,5,1,0,True,False
C1_T24,1,dig_out,greedy,0.05,2400,32,1,1,True,False
C1_T25,1,dig_out,greedy,0.05,2500,11,2,1,True,False
C1_T26,1,dig_out,greedy,0.05,2600,17,2,1,True,False
C1_T27,1,dig_out,greedy,0.05,2700,3,2,1,True,False
C1_T28,1,dig_out,greedy,0.05,2800,5,1,1,True,False
C1_T29,1,dig_out,greedy,0.05,2900,9,3,2,True,False
C1_T30,1,dig_out,greedy,0.05,3000,12,1,0,True,False
C1_T31,1,dig_out,greedy,0.05,3100,5,2,1,True,False
C1_T32,1,dig_out,greedy,0.05,3200,4,1,0,True,False
C1_T33,1,dig_out,greedy,0.05,3300,17,3,3,True,False
C1_T34,1,dig_out,greedy,0.05,3400,6,1,0,True,False
C1_T35,1,dig_out,greedy,0.05,3500,5,1,0,True,False
C1_T36,1,dig_out,greedy,0.05,3600,12,1,0,True,False
C1_T37,1,dig_out,greedy,0.05,3700,8,2,1,True,False
C1_T38,1,dig_out,greedy,0.05,3800,11,2,1,True,False
C1_T39,1,dig_out,greedy,0.05,3900,18,2,2,True,False
C1_T40,1,dig_out,greedy,0.05,4000,32,1,0,True,False
C1_T41,1,dig_out,greedy,0.05,4100,7,2,1,True,False
C1_T42,1,dig_out,greedy,0.05,4200,20,2,1,True,False
C1_T43,1,dig_out,greedy,0.05,4300,15,1,0,True,False
C1_T44,1,dig_out,greedy,0.05,4400,4,2,1,True,False
C1_T45,1,dig_out,greedy,0.05,4500,5,1,0,True,False
C1_T46,1,dig_out,greedy,0.05,4600,10,1,0,True,False
C1_T47,1,dig_out,greedy,0.05,4700,18,2,1,True,False
C1_T48,1,dig_out,greedy,0.05,4800,5,1,0,True,False
C1_T49,1,dig_out,greedy,0.05,4900,7,3,2,True,False
C1_T50,1,dig_out,greedy,0.05,5000,12,2,1,True,False
C1_T51,1,dig_out,greedy,0.05,5100,4,1,1,True,False
C1_T52,1,dig_out,greedy,0.05,5200,13,1,0,True,False
C1_T53,1,dig_out,greedy,0.05,5300,6,1,0,True,False
C1_T54,1,dig_out,greedy,0.05,5400,6,1,0,True,False
C1_T55,1,dig_out,greedy,0.05,5500,4,1,0,True,False
C1_T56,1,dig_out,greedy,0.05,5600,8,3,2,True,False
C1_T57,1,dig_out,greedy,0.05,5700,7,1,0,True,False
C1_T58,1,dig_out,greedy,0.05,5800,8,1,0,True,False
C1_T59,1,dig_out,greedy,0.05,5900,20,1,0,True,False
C1_T60,1,dig_out,greedy,0.05,6000,12,1,0,True,False
C1_T61,1,dig_out,greedy,0.05,6100,8,3,2,True,False
C1_T62,1,dig_out,greedy,0.05,6200,4,1,0,True,False
C1_T63,1,dig_out,greedy,0.05,6300,12,1,1,True,False
C1_T64,1,dig_out,greedy,0.05,6400,16,1,0,True,False
C1_T65,1,dig_out,greedy,0.05,6500,23,3,2,True,False
C1_T66,1,dig_out,greedy,0.05,6600,5,1,0,True,False
C1_T67,1,dig_out,greedy,0.05,6700,27,2,1,True,False
C1_T68,1,dig_out,greedy,0.05,6800,4,1,0,True,False
C1_T69,1,dig_out,greedy,0.05,6900,37,2,1,True,False
C1_T70,1,dig_out,greedy,0.05,7000,4,1,0,True,False
C1_T71,1,dig_out,greedy,0.05,7100,19,3,2,True,False
C1_T72,1,dig_out,greedy,0.05,7200,7,2,1,True,False
C1_T73,1,dig_out,greedy,0.05,7300,5,1,0,True,False
C1_T74,1,dig_out,greedy,0.05,7400,12,1,0,True,False
C1_T75,1,dig_out,greedy,0.05,7500,4,1,0,True,False
C1_T76,1,dig_out,greedy,0.05,7600,4,1,1,True,False
C1_T77,1,dig_out,greedy,0.05,7700,5,2,1,True,False
C1_T78,1,dig_out,greedy,0.05,7800,10,1,0,True,False
C1_T79,1,dig_out,greedy,0.05,7900,12,1,0,True,False
C1_T80,1,dig_out,greedy,0.05,8000,5,1,0,True,False
C1_T81,1,dig_out,greedy,0.05,8100,6,2,1,True,False
C1_T82,1,dig_out,greedy,0.05,8200,21,1,0,True,False
C1_T83,1,dig_out,greedy,0.05,8300,5,2,1,True,False
C1_T84,1,dig_out,greedy,0.05,8400,13,1,0,True,False
C1_T85,1,dig_out,greedy,0.05,8500,12,2,1,True,False
C1_T86,1,dig_out,greedy,0.05,8600,7,2,1,True,False
C1_T87,1,dig_out,greedy,0.05,8700,22,2,1,True,False
C1_T88,1,dig_out,greedy,0.05,8800,13,2,1,True,False
C1_T89,1,dig_out,greedy,0.05,8900,7,2,1,True,False
C1_T90,1,dig_out,greedy,0.05,9000,12,1,0,True,False
C1_T91,1,dig_out,greedy,0.05,9100,14,3,2,True,False
C1_T92,1,dig_out,greedy,0.05,9200,17,1,0,True,False
C1_T93,1,dig_out,greedy,0.05,9300,5,1,0,True,False
C1_T94,1,dig_out,greedy,0.05,9400,7,2,1,True,False
C1_T95,1,dig_out,greedy,0.05,9500,6,1,0,True,False
C1_T96,1,dig_out,greedy,0.05,9600,13,5,4,True,False
C1_T97,1,dig_out,greedy,0.05,9700,26,1,0,True,False
C1_T98,1,dig_out,greedy,0.05,9800,3,3,2,True,False
C1_T99,1,dig_out,greedy,0.05,9900,28,2,1,True,False
C1_T100,1,dig_out,greedy,0.05,10000,5,1,0,True,False
C2_T1,2,dig_out,greedy,0.1,10100,7,2,1,True,False
C2_T2,2,dig_out,greedy,0.1,10200,5,1,1,True,False
C2_T3,2,dig_out,greedy,0.1,10300,10,2,1,True,False
C2_T4,2,dig_out,greedy,0.1,10400,15,2,1,True,False
C2_T5,2,dig_out,greedy,0.1,10500,18,1,0,True,False
C2_T6,2,dig_out,greedy,0.1,10600,21,3,2,True,False
C2_T7,2,dig_out,greedy,0.1,10700,8,2,2,True,False
C2_T8,2,dig_out,greedy,0.1,10800,6,1,0,True,False
C2_T9,2,dig_out,greedy,0.1,10900,6,1,0,True,False
C2_T10,2,dig_out,greedy,0.1,11000,8,3,2,True,False
C2_T11,2,dig_out,greedy,0.1,11100,27,2,1,True,False
C2_T12,2,dig_out,greedy,0.1,11200,5,1,0,True,False
C2_T13,2,dig_out,greedy,0.1,11300,6,2,1,True,False
C2_T14,2,dig_out,greedy,0.1,11400,6,4,3,True,False
C2_T15,2,dig_out,greedy,0.1,11500,25,1,0,True,False
C2_T16,2,dig_out,greedy,0.1,11600,10,1,0,True,False
C2_T17,2,dig_out,greedy,0.1,11700,5,1,0,True,False
C2_T18,2,dig_out,greedy,0.1,11800,2,2,1,True,False
C2_T19,2,dig_out,greedy,0.1,11900,7,2,1,True,False
C2_T20,2,dig_out,greedy,0.1,12000,10,1,1,True,False
C2_T21,2,dig_out,greedy,0.1,12100,18,3,2,True,False
C2_T22,2,dig_out,greedy,0.1,12200,14,3,2,True,False
C2_T23,2,dig_out,greedy,0.1,12300,10,4,3,True,False
C2_T24,2,dig_out,greedy,0.1,12400,5,3,2,True,False
C2_T25,2,dig_out,greedy,0.1,12500,26,3,2,True,False
C2_T26,2,dig_out,greedy,0.1,12600,18,4,3,True,False
C2_T27,2,dig_out,greedy,0.1,12700,13,3,2,True,False
C2_T28,2,dig_out,greedy,0.1,12800,12,3,2,True,False
C2_T29,2,dig_out,greedy,0.1,12900,15,2,1,True,False
C2_T30,2,dig_out,greedy,0.1,13000,8,1,0,True,False
C2_T31,2,dig_out,greedy,0.1,13100,4,1,0,True,False
C2_T32,2,dig_out,greedy,0.1,13200,30,2,1,True,False
C2_T33,2,dig_out,greedy,0.1,13300,13,2,1,True,False
C2_T34,2,dig_out,greedy,0.1,13400,4,2,1,True,False
C2_T35,2,dig_out,greedy,0.1,13500,10,2,1,True,False
C2_T36,2,dig_out,greedy,0.1,13600,9,3,2,True,False
C2_T37,2,dig_out,greedy,0.1,13700,9,2,1,True,False
C2_T38,2,dig_out,greedy,0.1,13800,6,2,1,True,False
C2_T39,2,dig_out,greedy,0.1,13900,9,1,1,True,False
C2_T40,2,dig_out,greedy,0.1,14000,10,2,1,True,False
C2_T41,2,dig_out,greedy,0.1,14100,10,1,1,True,False
C2_T42,2,dig_out,greedy,0.1,14200,15,3,2,True,False
C2_T43,2,dig_out,greedy,0.1,14300,6,2,1,True,False
C2_T44,2,dig_out,greedy,0.1,14400,8,2,1,True,False
C2_T45,2,dig_out,greedy,0.1,14500,4,2,1,True,False
C2_T46,2,dig_out,greedy,0.1,14600,23,5,4,True,False
C2_T47,2,dig_out,greedy,0.1,14700,11,2,1,True,False
C2_T48,2,dig_out,greedy,0.1,14800,5,1,0,True,False
C2_T49,2,dig_out,greedy,0.1,14900,10,3,2,True,False
C2_T50,2,dig_out,greedy,0.1,15000,5,1,0,True,False
C2_T51,2,dig_out,greedy,0.1,15100,7,1,1,True,False
C2_T52,2,dig_out,greedy,0.1,15200,1,1,1,True,False
C2_T53,2,dig_out,greedy,0.1,15300,3,2,1,True,False
C2_T54,2,dig_out,greedy,0.1,15400,14,3,2,True,False
C2_T55,2,dig_out,greedy,0.1,15500,5,1,0,True,False
C2_T56,2,dig_out,greedy,0.1,15600,16,3,2,True,False
C2_T57,2,dig_out,greedy,0.1,15700,3,3,2,True,False
C2_T58,2,dig_out,greedy,0.1,15800,5,2,1,True,False
C2_T59,2,dig_out,greedy,0.1,15900,22,3,2,True,False
C2_T60,2,dig_out,greedy,0.1,16000,16,2,1,True,False
C2_T61,2,dig_out,greedy,0.1,16100,4,1,0,True,False
C2_T62,2,dig_out,greedy,0.1,16200,4,1,0,True,False
C2_T63,2,dig_out,greedy,0.1,16300,5,1,0,True,False
C2_T64,2,dig_out,greedy,0.1,16400,10,1,0,True,False
C2_T65,2,dig_out,greedy,0.1,16500,13,1,0,True,False
C2_T66,2,dig_out,greedy,0.1,16600,17,3,2,True,False
C2_T67,2,dig_out,greedy,0.1,16700,14,2,1,True,False
C2_T68,2,dig_out,greedy,0.1,16800,18,1,0,True,False
C2_T69,2,dig_out,greedy,0.1,16900,6,3,2,True,False
C2_T70,2,dig_out,greedy,0.1,17000,5,1,0,True,False
C2_T71,2,dig_out,greedy,0.1,17100,25,3,2,True,False
C2_T72,2,dig_out,greedy,0.1,17200,12,1,0,True,False
C2_T73,2,dig_out,greedy,0.1,17300,9,2,1,True,False
C2_T74,2,dig_out,greedy,0.1,17400,5,1,0,True,False
C2_T75,2,dig_out,greedy,0.1,17500,9,3,2,True,False
C2_T76,2,dig_out,greedy,0.1,17600,34,3,2,True,False
C2_T77,2,dig_out,greedy,0.1,17700,7,2,1,True,False
C2_T78,2,dig_out,greedy,0.1,17800,14,5,4,True,False
C2_T79,2,dig_out,greedy,0.1,17900,11,2,2,True,False
C2_T80,2,dig_out,greedy,0.1,18000,10,2,1,True,False
C2_T81,2,dig_out,greedy,0.1,18100,11,2,1,True,False
C2_T82,2,dig_out,greedy,0.1,18200,7,2,1,True,False
C2_T83,2,dig_out,greedy,0.1,18300,5,2,1,True,False
C2_T84,2,dig_out,greedy,0.1,18400,2,2,2,True,False
C2_T85,2,dig_out,greedy,0.1,18500,20,2,1,True,False
C2_T86,2,dig_out,greedy,0.1,18600,12,3,2,True,False
C2_T87,2,dig_out,greedy,0.1,18700,6,2,1,True,False
C2_T88,2,dig_out,greedy,0.1,18800,17,3,3,True,False
C2_T89,2,dig_out,greedy,0.1,18900,8,1,0,True,False
C2_T90,2,dig_out,greedy,0.1,19000,32,3,2,True,False
C2_T91,2,dig_out,greedy,0.1,19100,4,1,0,True,False
C2_T92,2,dig_out,greedy,0.1,19200,7,2,1,True,False
C2_T93,2,dig_out,greedy,0.1,19300,5,1,0,True,False
C2_T94,2,dig_out,greedy,0.1,19400,7,1,0,True,False
C2_T95,2,dig_out,greedy,0.1,19500,11,2,1,True,False
C2_T96,2,dig_out,greedy,0.1,19600,11,1,0,True,False
C2_T97,2,dig_out,greedy,0.1,19700,36,4,3,True,False
C2_T98,2,dig_out,greedy,0.1,19800,4,1,0,True,False
C2_T99,2,dig_out,greedy,0.1,19900,8,2,1,True,False
C2_T100,2,dig_out,greedy,0.1,20000,5,1,0,True,False
C3_T1,3,dig_out,patient,0.05,20100,21,2,1,True,False
C3_T2,3,dig_out,patient,0.05,20200,5,1,0,True,False
C3_T3,3,dig_out,patient,0.05,20300,12,4,3,True,False
C3_T4,3,dig_out,patient,0.05,20400,15,2,1,True,False
C3_T5,3,dig_out,patient,0.05,20500,10,1,0,True,False
C3_T6,3,dig_out,patient,0.05,20600,5,1,0,True,False
C3_T7,3,dig_out,patient,0.05,20700,12,1,0,True,False
C3_T8,3,dig_out,patient,0.05,20800,16,2,1,True,False
C3_T9,3,dig_out,patient,0.05,20900,12,1,0,True,False
C3_T10,3,dig_out,patient,0.05,21000,34,2,1,True,False
C3_T11,3,dig_out,patient,0.05,21100,7,1,0,True,False
C3_T12,3,dig_out,patient,0.05,21200,5,1,0,True,False
C3_T13,3,dig_out,patient,0.05,21300,6,1,0,True,False
C3_T14,3,dig_out,patient,0.05,21400,13,1,0,True,False
C3_T15,3,dig_out,patient,0.05,21500,4,1,0,True,False
C3_T16,3,dig_out,patient,0.05,21600,25,2,1,True,False
C3_T17,3,dig_out,patient,0.05,21700,11,3,2,True,False
C3_T18,3,dig_out,patient,0.05,21800,5,2,1,True,False
C3_T19,3,dig_out,patient,0.05,21900,7,1,0,True,False
C3_T20,3,dig_out,patient,0.05,22000,38,1,0,True,False
C3_T21,3,dig_out,patient,0.05,22100,5,1,0,True,False
C3_T22,3,dig_out,patient,0.05,22200,5,1,0,True,False
C3_T23,3,dig_out,patient,0.05,22300,24,3,2,True,False
C3_T24,3,dig_out,patient,0.05,22400,8,1,0,True,False
C3_T25,3,dig_out,patient,0.05,22500,23,3,1,True,False
C3_T26,3,dig_out,patient,0.05,22600,5,1,0,True,False
C3_T27,3,dig_out,patient,0.05,22700,15,2,1,True,False
C3_T28,3,dig_out,patient,0.05,22800,20,1,0,True,False
C3_T29,3,dig_out,patient,0.05,22900,6,1,0,True,False
C3_T30,3,dig_out,patient,0.05,23000,21,1,0,True,False
C3_T31,3,dig_out,patient,0.05,23100,18,1,0,True,False
C3_T32,3,dig_out,patient,0.05,23200,21,2,1,True,False
C3_T33,3,dig_out,patient,0.05,23300,13,1,0,True,False
C3_T34,3,dig_out,patient,0.05,23400,6,1,0,True,False
C3_T35,3,dig_out,patient,0.05,23500,14,2,1,True,False
C3_T36,3,dig_out,patient,0.05,23600,5,1,0,True,False
C3_T37,3,dig_out,patient,0.05,23700,13,1,0,True,False
C3_T38,3,dig_out,patient,0.05,23800,44,3,2,True,False
C3_T39,3,dig_out,patient,0.05,23900,45,4,3,True,False
C3_T40,3,dig_out,patient,0.05,24000,20,2,1,True,False
C3_T41,3,dig_out,patient,0.05,24100,7,1,0,True,False
C3_T42,3,dig_out,patient,0.05,24200,69,3,2,True,False
C3_T43,3,dig_out,patient,0.05,24300,5,1,0,True,False
C3_T44,3,dig_out,patient,0.05,24400,13,2,1,True,False
C3_T45,3,dig_out,patient,0.05,24500,9,2,1,True,False
C3_T46,3,dig_out,patient,0.05,24600,41,1,1,True,False
C3_T47,3,dig_out,patient,0.05,24700,13,2,1,True,False
C3_T48,3,dig_out,patient,0.05,24800,5,1,0,True,False
C3_T49,3,dig_out,patient,0.05,24900,15,2,1,True,False
C3_T50,3,dig_out,patient,0.05,25000,6,2,1,True,False
C3_T51,3,dig_out,patient,0.05,25100,37,3,1,True,False
C3_T52,3,dig_out,patient,0.05,25200,7,1,0,True,False
C3_T53,3,dig_out,patient,0.05,25300,18,1,0,True,False
C3_T54,3,dig_out,patient,0.05,25400,6,1,0,True,False
C3_T55,3,dig_out,patient,0.05,25500,28,1,0,True,False
C3_T56,3,dig_out,patient,0.05,25600,6,1,0,True,False
C3_T57,3,dig_out,patient,0.05,25700,4,1,0,True,False
C3_T58,3,dig_out,patient,0.05,25800,8,3,2,True,False
C3_T59,3,dig_out,patient,0.05,25900,17,2,1,True,False
C3_T60,3,dig_out,patient,0.05,26000,24,3,2,True,False
C3_T61,3,dig_out,patient,0.05,26100,16,1,0,True,False
C3_T62,3,dig_out,patient,0.05,26200,5,1,0,True,False
C3_T63,3,dig_out,patient,0.05,26300,12,2,1,True,False
C3_T64,3,dig_out,patient,0.05,26400,23,2,1,True,False
C3_T65,3,dig_out,patient,0.05,26500,8,1,0,True,False
C3_T66,3,dig_out,patient,0.05,26600,6,1,0,True,False
C3_T67,3,dig_out,patient,0.05,26700,13,2,1,True,False
C3_T68,3,dig_out,patient,0.05,26800,7,1,0,True,False
C3_T69,3,dig_out,patient,0.05,26900,5,1,0,True,False
C3_T70,3,dig_out,patient,0.05,27000,10,3,2,True,False
C3_T71,3,dig_out,patient,0.05,27100,13,2,1,True,False
C3_T72,3,dig_out,patient,0.05,27200,10,2,1,True,False
C3_T73,3,dig_out,patient,0.05,27300,6,3,2,True,False
C3_T74,3,dig_out,patient,0.05,27400,11,1,0,True,False
C3_T75,3,dig_out,patient,0.05,27500,4,1,0,True,False
C3_T76,3,dig_out,patient,0.05,27600,24,1,0,True,False
C3_T77,3,dig_out,patient,0.05,27700,5,2,1,True,False
C3_T78,3,dig_out,patient,0.05,27800,7,1,0,True,False
C3_T79,3,dig_out,patient,0.05,27900,12,2,1,True,False
C3_T80,3,dig_out,patient,0.05,28000,10,2,1,True,False
C3_T81,3,dig_out,patient,0.05,28100,5,1,0,True,False
C3_T82,3,dig_out,patient,0.05,28200,27,1,1,True,False
C3_T83,3,dig_out,patient,0.05,28300,12,1,0,True,False
C3_T84,3,dig_out,patient,0.05,28400,23,2,1,True,False
C3_T85,3,dig_out,patient,0.05,28500,5,1,0,True,False
C3_T86,3,dig_out,patient,0.05,28600,6,3,2,True,False
C3_T87,3,dig_out,patient,0.05,28700,24,4,3,True,False
C3_T88,3,dig_out,patient,0.05,28800,8,1,0,True,False
C3_T89,3,dig_out,patient,0.05,28900,11,2,1,True,False
C3_T90,3,dig_out,patient,0.05,29000,7,3,2,True,False
C3_T91,3,dig_out,patient,0.05,29100,8,2,1,True,False
C3_T92,3,dig_out,patient,0.05,29200,26,1,0,True,False
C3_T93,3,dig_out,patient,0.05,29300,4,1,0,True,False
C3_T94,3,dig_out,patient,0.05,29400,3,2,1,True,False
C3_T95,3,dig_out,patient,0.05,29500,10,2,1,True,False
C3_T96,3,dig_out,patient,0.05,29600,6,1,1,True,False
C3_T97,3,dig_out,patient,0.05,29700,8,1,0,True,False
C3_T98,3,dig_out,patient,0.05,29800,5,1,0,True,False
C3_T99,3,dig_out,patient,0.05,29900,7,2,1,True,False
C3_T100,3,dig_out,patient,0.05,30000,18,3,2,True,False
C4_T1,4,dig_out,patient,0.1,30100,9,3,2,True,False
C4_T2,4,dig_out,patient,0.1,30200,5,1,0,True,False
C4_T3,4,dig_out,patient,0.1,30300,11,1,1,True,False
C4_T4,4,dig_out,patient,0.1,30400,9,3,2,True,False
C4_T5,4,dig_out,patient,0.1,30500,8,2,1,True,False
C4_T6,4,dig_out,patient,0.1,30600,10,1,0,True,False
C4_T7,4,dig_out,patient,0.1,30700,10,3,2,True,False
C4_T8,4,dig_out,patient,0.1,30800,31,2,1,True,False
C4_T9,4,dig_out,patient,0.1,30900,14,2,1,True,False
C4_T10,4,dig_out,patient,0.1,31000,13,2,1,True,False
C4_T11,4,dig_out,patient,0.1,31100,13,2,1,True,False
C4_T12,4,dig_out,patient,0.1,31200,5,2,1,True,False
C4_T13,4,dig_out,patient,0.1,31300,11,1,0,True,False
C4_T14,4,dig_out,patient,0.1,31400,6,3,2,True,False
C4_T15,4,dig_out,patient,0.1,31500,10,2,1,True,False
C4_T16,4,dig_out,patient,0.1,31600,14,1,0,True,False
C4_T17,4,dig_out,patient,0.1,31700,18,4,3,True,False
C4_T18,4,dig_out,patient,0.1,31800,5,1,0,True,False
C4_T19,4,dig_out,patient,0.1,31900,6,2,1,True,False
C4_T20,4,dig_out,patient,0.1,32000,17,3,2,True,False
C4_T21,4,dig_out,patient,0.1,32100,38,3,2,True,False
C4_T22,4,dig_out,patient,0.1,32200,5,1,0,True,False
C4_T23,4,dig_out,patient,0.1,32300,3,2,1,True,False
C4_T24,4,dig_out,patient,0.1,32400,5,1,0,True,False
C4_T25,4,dig_out,patient,0.1,32500,9,1,0,True,False
C4_T26,4,dig_out,patient,0.1,32600,23,1,0,True,False
C4_T27,4,dig_out,patient,0.1,32700,13,1,0,True,False
C4_T28,4,dig_out,patient,0.1,32800,5,2,1,True,False
C4_T29,4,dig_out,patient,0.1,32900,8,2,1,True,False
C4_T30,4,dig_out,patient,0.1,33000,12,2,2,True,False
C4_T31,4,dig_out,patient,0.1,33100,9,1,0,True,False
C4_T32,4,dig_out,patient,0.1,33200,5,2,1,True,False
C4_T33,4,dig_out,patient,0.1,33300,7,2,1,True,False
C4_T34,4,dig_out,patient,0.1,33400,5,2,1,True,False
C4_T35,4,dig_out,patient,0.1,33500,9,3,2,True,False
C4_T36,4,dig_out,patient,0.1,33600,15,2,1,True,False
C4_T37,4,dig_out,patient,0.1,33700,7,2,2,True,False
C4_T38,4,dig_out,patient,0.1,33800,5,2,1,True,False
C4_T39,4,dig_out,patient,0.1,33900,7,2,1,True,False
C4_T40,4,dig_out,patient,0.1,34000,4,1,0,True,False
C4_T41,4,dig_out,patient,0.1,34100,19,4,4,True,False
C4_T42,4,dig_out,patient,0.1,34200,2,2,1,True,False
C4_T43,4,dig_out,patient,0.1,34300,6,2,1,True,False
C4_T44,4,dig_out,patient,0.1,34400,16,1,0,True,False
C4_T45,4,dig_out,patient,0.1,34500,12,3,2,True,False
C4_T46,4,dig_out,patient,0.1,34600,5,1,0,True,False
C4_T47,4,dig_out,patient,0.1,34700,11,3,2,True,False
C4_T48,4,dig_out,patient,0.1,34800,5,2,1,True,False
C4_T49,4,dig_out,patient,0.1,34900,6,2,1,True,False
C4_T50,4,dig_out,patient,0.1,35000,15,3,2,True,False
C4_T51,4,dig_out,patient,0.1,35100,18,3,3,True,False
C4_T52,4,dig_out,patient,0.1,35200,9,4,3,True,False
C4_T53,4,dig_out,patient,0.1,35300,5,1,0,True,False
C4_T54,4,dig_out,patient,0.1,35400,6,3,2,True,False
C4_T55,4,dig_out,patient,0.1,35500,7,1,0,True,False
C4_T56,4,dig_out,patient,0.1,35600,8,1,1,True,False
C4_T57,4,dig_out,patient,0.1,35700,3,2,1,True,False
C4_T58,4,dig_out,patient,0.1,35800,8,1,0,True,False
C4_T59,4,dig_out,patient,0.1,35900,4,1,0,True,False
C4_T60,4,dig_out,patient,0.1,36000,9,3,2,True,False
C4_T61,4,dig_out,patient,0.1,36100,20,3,2,True,False
C4_T62,4,dig_out,patient,0.1,36200,8,2,1,True,False
C4_T63,4,dig_out,patient,0.1,36300,8,1,0,True,False
C4_T64,4,dig_out,patient,0.1,36400,5,1,0,True,False
C4_T65,4,dig_out,patient,0.1,36500,5,1,0,True,False
C4_T66,4,dig_out,patient,0.1,36600,6,1,0,True,False
C4_T67,4,dig_out,patient,0.1,36700,8,2,1,True,False
C4_T68,4,dig_out,patient,0.1,36800,8,1,0,True,False
C4_T69,4,dig_out,patient,0.1,36900,9,1,0,True,False
C4_T70,4,dig_out,patient,0.1,37000,3,2,1,True,False
C4_T71,4,dig_out,patient,0.1,37100,9,2,1,True,False
C4_T72,4,dig_out,patient,0.1,37200,7,2,1,True,False
C4_T73,4,dig_out,patient,0.1,37300,17,3,2,True,False
C4_T74,4,dig_out,patient,0.1,37400,1,1,1,True,False
C4_T75,4,dig_out,patient,0.1,37500,16,2,2,True,False
C4_T76,4,dig_out,patient,0.1,37600,12,2,1,True,False
C4_T77,4,dig_out,patient,0.1,37700,6,3,2,True,False
C4_T78,4,dig_out,patient,0.1,37800,7,2,1,True,False
C4_T79,4,dig_out,patient,0.1,37900,10,3,3,True,False
C4_T80,4,dig_out,patient,0.1,38000,9,1,0,True,False
C4_T81,4,dig_out,patient,0.1,38100,6,3,3,True,False
C4_T82,4,dig_out,patient,0.1,38200,8,1,0,True,False
C4_T83,4,dig_out,patient,0.1,38300,36,2,1,True,False
C4_T84,4,dig_out,patient,0.1,38400,16,3,2,True,False
C4_T85,4,dig_out,patient,0.1,38500,5,1,0,True,False
C4_T86,4,dig_out,patient,0.1,38600,15,2,1,True,False
C4_T87,4,dig_out,patient,0.1,38700,9,2,1,True,False
C4_T88,4,dig_out,patient,0.1,38800,35,3,2,True,False
C4_T89,4,dig_out,patient,0.1,38900,4,1,0,True,False
C4_T90,4,dig_out,patient,0.1,39000,7,1,0,True,False
C4_T91,4,dig_out,patient,0.1,39100,3,3,2,True,False
C4_T92,4,dig_out,patient,0.1,39200,4,2,1,True,False
C4_T93,4,dig_out,patient,0.1,39300,5,2,1,True,False
C4_T94,4,dig_out,patient,0.1,39400,9,3,2,True,False
C4_T95,4,dig_out,patient,0.1,39500,8,2,1,True,False
C4_T96,4,dig_out,patient,0.1,39600,5,2,1,True,False
C4_T97,4,dig_out,patient,0.1,39700,7,2,1,True,False
C4_T98,4,dig_out,patient,0.1,39800,15,3,2,True,False
C4_T99,4,dig_out,patient,0.1,39900,9,2,1,True,False
C4_T100,4,dig_out,patient,0.1,40000,1,1,1,True,False
C5_T1,5,a_star,greedy,0.05,40100,2,1,0,True,False
C5_T2,5,a_star,greedy,0.05,40200,9,1,0,True,False
C5_T3,5,a_star,greedy,0.05,40300,4,1,0,True,False
C5_T4,5,a_star,greedy,0.05,40400,2,1,0,True,False
C5_T5,5,a_star,greedy,0.05,40500,2,1,0,True,False
C5_T6,5,a_star,greedy,0.05,40600,3,1,0,True,False
C5_T7,5,a_star,greedy,0.05,40700,2,1,0,True,False
C5_T8,5,a_star,greedy,0.05,40800,2,1,0,True,False
C5_T9,5,a_star,greedy,0.05,40900,4,1,0,True,False
C5_T10,5,a_star,greedy,0.05,41000,4,1,0,True,False
C5_T11,5,a_star,greedy,0.05,41100,2,1,0,True,False
C5_T12,5,a_star,greedy,0.05,41200,1,1,0,True,False
C5_T13,5,a_star,greedy,0.05,41300,3,1,0,True,False
C5_T14,5,a_star,greedy,0.05,41400,3,1,0,True,False
C5_T15,5,a_star,greedy,0.05,41500,4,1,0,True,False
C5_T16,5,a_star,greedy,0.05,41600,4,1,0,True,False
C5_T17,5,a_star,greedy,0.05,41700,1,1,0,True,False
C5_T18,5,a_star,greedy,0.05,41800,4,1,0,True,False
C5_T19,5,a_star,greedy,0.05,41900,3,1,0,True,False
C5_T20,5,a_star,greedy,0.05,42000,2,1,0,True,False
C5_T21,5,a_star,greedy,0.05,42100,3,1,0,True,False
C5_T22,5,a_star,greedy,0.05,42200,6,1,0,True,False
C5_T23,5,a_star,greedy,0.05,42300,4,1,0,True,False
C5_T24,5,a_star,greedy,0.05,42400,4,1,0,True,False
C5_T25,5,a_star,greedy,0.05,42500,3,1,0,True,False
C5_T26,5,a_star,greedy,0.05,42600,4,1,0,True,False
C5_T27,5,a_star,greedy,0.05,42700,2,1,1,True,False
C5_T28,5,a_star,greedy,0.05,42800,1,1,0,True,False
C5_T29,5,a_star,greedy,0.05,42900,2,1,0,True,False
C5_T30,5,a_star,greedy,0.05,43000,14,2,1,True,False
C5_T31,5,a_star,greedy,0.05,43100,3,1,0,True,False
C5_T32,5,a_star,greedy,0.05,43200,3,1,0,True,False
C5_T33,5,a_star,greedy,0.05,43300,2,1,0,True,False
C5_T34,5,a_star,greedy,0.05,43400,13,2,1,True,False
C5_T35,5,a_star,greedy,0.05,43500,2,2,1,True,False
C5_T36,5,a_star,greedy,0.05,43600,6,2,1,True,False
C5_T37,5,a_star,greedy,0.05,43700,2,1,0,True,False
C5_T38,5,a_star,greedy,0.05,43800,2,1,0,True,False
C5_T39,5,a_star,greedy,0.05,43900,1,1,0,True,False
C5_T40,5,a_star,greedy,0.05,44000,2,1,1,True,False
C5_T41,5,a_star,greedy,0.05,44100,2,2,1,True,False
C5_T42,5,a_star,greedy,0.05,44200,5,1,0,True,False
C5_T43,5,a_star,greedy,0.05,44300,2,1,0,True,False
C5_T44,5,a_star,greedy,0.05,44400,1,1,1,True,False
C5_T45,5,a_star,greedy,0.05,44500,1,1,0,True,False
C5_T46,5,a_star,greedy,0.05,44600,1,1,0,True,False
C5_T47,5,a_star,greedy,0.05,44700,1,1,1,True,False
C5_T48,5,a_star,greedy,0.05,44800,3,1,0,True,False
C5_T49,5,a_star,greedy,0.05,44900,1,1,0,True,False
C5_T50,5,a_star,greedy,0.05,45000,3,1,0,True,False
C5_T51,5,a_star,greedy,0.05,45100,2,1,0,True,False
C5_T52,5,a_star,greedy,0.05,45200,3,1,0,True,False
C5_T53,5,a_star,greedy,0.05,45300,2,1,0,True,False
C5_T54,5,a_star,greedy,0.05,45400,3,1,0,True,False
C5_T55,5,a_star,greedy,0.05,45500,2,1,0,True,False
C5_T56,5,a_star,greedy,0.05,45600,2,1,0,True,False
C5_T57,5,a_star,greedy,0.05,45700,4,1,0,True,False
C5_T58,5,a_star,greedy,0.05,45800,5,1,0,True,False
C5_T59,5,a_star,greedy,0.05,45900,3,1,0,True,False
C5_T60,5,a_star,greedy,0.05,46000,5,1,0,True,False
C5_T61,5,a_star,greedy,0.05,46100,4,2,1,True,False
C5_T62,5,a_star,greedy,0.05,46200,6,1,0,True,False
C5_T63,5,a_star,greedy,0.05,46300,2,1,0,True,False
C5_T64,5,a_star,greedy,0.05,46400,6,1,0,True,False
C5_T65,5,a_star,greedy,0.05,46500,5,1,0,True,False
C5_T66,5,a_star,greedy,0.05,46600,3,2,1,True,False
C5_T67,5,a_star,greedy,0.05,46700,4,2,1,True,False
C5_T68,5,a_star,greedy,0.05,46800,1,1,0,True,False
C5_T69,5,a_star,greedy,0.05,46900,4,1,0,True,False
C5_T70,5,a_star,greedy,0.05,47000,3,1,0,True,False
C5_T71,5,a_star,greedy,0.05,47100,14,1,0,True,False
C5_T72,5,a_star,greedy,0.05,47200,2,1,0,True,False
C5_T73,5,a_star,greedy,0.05,47300,4,1,0,True,False
C5_T74,5,a_star,greedy,0.05,47400,5,1,0,True,False
C5_T75,5,a_star,greedy,0.05,47500,4,1,0,True,False
C5_T76,5,a_star,greedy,0.05,47600,3,1,0,True,False
C5_T77,5,a_star,greedy,0.05,47700,1,1,0,True,False
C5_T78,5,a_star,greedy,0.05,47800,2,1,0,True,False
C5_T79,5,a_star,greedy,0.05,47900,5,1,0,True,False
C5_T80,5,a_star,greedy,0.05,48000,4,1,0,True,False
C5_T81,5,a_star,greedy,0.05,48100,8,1,0,True,False
C5_T82,5,a_star,greedy,0.05,48200,12,1,0,True,False
C5_T83,5,a_star,greedy,0.05,48300,2,1,0,True,False
C5_T84,5,a_star,greedy,0.05,48400,3,1,0,True,False
C5_T85,5,a_star,greedy,0.05,48500,2,1,0,True,False
C5_T86,5,a_star,greedy,0.05,48600,2,1,0,True,False
C5_T87,5,a_star,greedy,0.05,48700,5,2,1,True,False
C5_T88,5,a_star,greedy,0.05,48800,2,1,0,True,False
C5_T89,5,a_star,greedy,0.05,48900,3,1,0,True,False
C5_T90,5,a_star,greedy,0.05,49000,2,1,0,True,False
C5_T91,5,a_star,greedy,0.05,49100,2,1,0,True,False
C5_T92,5,a_star,greedy,0.05,49200,3,1,0,True,False
C5_T93,5,a_star,greedy,0.05,49300,3,2,1,True,False
C5_T94,5,a_star,greedy,0.05,49400,4,1,0,True,False
C5_T95,5,a_star,greedy,0.05,49500,4,1,0,True,False
C5_T96,5,a_star,greedy,0.05,49600,3,1,1,True,False
C5_T97,5,a_star,greedy,0.05,49700,4,1,0,True,False
C5_T98,5,a_star,greedy,0.05,49800,3,1,0,True,False
C5_T99,5,a_star,greedy,0.05,49900,3,2,1,True,False
C5_T100,5,a_star,greedy,0.05,50000,3,1,0,True,False
C6_T1,6,a_star,greedy,0.1,50100,3,2,1,True,False
C6_T2,6,a_star,greedy,0.1,50200,4,1,0,True,False
C6_T3,6,a_star,greedy,0.1,50300,3,1,0,True,False
C6_T4,6,a_star,greedy,0.1,50400,2,1,0,True,False
C6_T5,6,a_star,greedy,0.1,50500,4,1,0,True,False
C6_T6,6,a_star,greedy,0.1,50600,2,1,0,True,False
C6_T7,6,a_star,greedy,0.1,50700,7,1,0,True,False
C6_T8,6,a_star,greedy,0.1,50800,5,2,1,True,False
C6_T9,6,a_star,greedy,0.1,50900,14,3,2,True,False
C6_T10,6,a_star,greedy,0.1,51000,3,1,0,True,False
C6_T11,6,a_star,greedy,0.1,51100,3,1,0,True,False
C6_T12,6,a_star,greedy,0.1,51200,2,1,0,True,False
C6_T13,6,a_star,greedy,0.1,51300,3,1,0,True,False
C6_T14,6,a_star,greedy,0.1,51400,3,1,1,True,False
C6_T15,6,a_star,greedy,0.1,51500,4,1,0,True,False
C6_T16,6,a_star,greedy,0.1,51600,4,2,1,True,False
C6_T17,6,a_star,greedy,0.1,51700,2,1,0,True,False
C6_T18,6,a_star,greedy,0.1,51800,2,1,0,True,False
C6_T19,6,a_star,greedy,0.1,51900,4,1,0,True,False
C6_T20,6,a_star,greedy,0.1,52000,3,1,0,True,False
C6_T21,6,a_star,greedy,0.1,52100,4,2,1,True,False
C6_T22,6,a_star,greedy,0.1,52200,2,1,0,True,False
C6_T23,6,a_star,greedy,0.1,52300,3,1,0,True,False
C6_T24,6,a_star,greedy,0.1,52400,2,1,0,True,False
C6_T25,6,a_star,greedy,0.1,52500,4,1,0,True,False
C6_T26,6,a_star,greedy,0.1,52600,3,1,0,True,False
C6_T27,6,a_star,greedy,0.1,52700,1,1,0,True,False
C6_T28,6,a_star,greedy,0.1,52800,6,1,0,True,False
C6_T29,6,a_star,greedy,0.1,52900,2,1,0,True,False
C6_T30,6,a_star,greedy,0.1,53000,4,1,0,True,False
C6_T31,6,a_star,greedy,0.1,53100,8,2,1,True,False
C6_T32,6,a_star,greedy,0.1,53200,3,1,0,True,False
C6_T33,6,a_star,greedy,0.1,53300,3,1,0,True,False
C6_T34,6,a_star,greedy,0.1,53400,2,1,0,True,False
C6_T35,6,a_star,greedy,0.1,53500,3,1,0,True,False
C6_T36,6,a_star,greedy,0.1,53600,3,1,0,True,False
C6_T37,6,a_star,greedy,0.1,53700,4,1,0,True,False
C6_T38,6,a_star,greedy,0.1,53800,4,1,0,True,False
C6_T39,6,a_star,greedy,0.1,53900,11,2,2,True,False
C6_T40,6,a_star,greedy,0.1,54000,18,2,1,True,False
C6_T41,6,a_star,greedy,0.1,54100,3,1,0,True,False
C6_T42,6,a_star,greedy,0.1,54200,2,1,0,True,False
C6_T43,6,a_star,greedy,0.1,54300,2,1,0,True,False
C6_T44,6,a_star,greedy,0.1,54400,2,1,0,True,False
C6_T45,6,a_star,greedy,0.1,54500,2,1,0,True,False
C6_T46,6,a_star,greedy,0.1,54600,5,1,0,True,False
C6_T47,6,a_star,greedy,0.1,54700,3,2,1,True,False
C6_T48,6,a_star,greedy,0.1,54800,6,1,0,True,False
C6_T49,6,a_star,greedy,0.1,54900,1,1,0,True,False
C6_T50,6,a_star,greedy,0.1,55000,4,1,0,True,False
C6_T51,6,a_star,greedy,0.1,55100,3,3,2,True,False
C6_T52,6,a_star,greedy,0.1,55200,4,1,0,True,False
C6_T53,6,a_star,greedy,0.1,55300,3,1,0,True,False
C6_T54,6,a_star,greedy,0.1,55400,2,1,0,True,False
C6_T55,6,a_star,greedy,0.1,55500,2,1,0,True,False
C6_T56,6,a_star,greedy,0.1,55600,2,1,0,True,False
C6_T57,6,a_star,greedy,0.1,55700,8,2,1,True,False
C6_T58,6,a_star,greedy,0.1,55800,3,1,1,True,False
C6_T59,6,a_star,greedy,0.1,55900,2,1,0,True,False
C6_T60,6,a_star,greedy,0.1,56000,3,2,1,True,False
C6_T61,6,a_star,greedy,0.1,56100,1,1,0,True,False
C6_T62,6,a_star,greedy,0.1,56200,5,1,0,True,False
C6_T63,6,a_star,greedy,0.1,56300,3,2,1,True,False
C6_T64,6,a_star,greedy,0.1,56400,2,1,0,True,False
C6_T65,6,a_star,greedy,0.1,56500,10,1,0,True,False
C6_T66,6,a_star,greedy,0.1,56600,4,2,2,True,False
C6_T67,6,a_star,greedy,0.1,56700,1,1,1,True,False
C6_T68,6,a_star,greedy,0.1,56800,2,1,0,True,False
C6_T69,6,a_star,greedy,0.1,56900,3,3,2,True,False
C6_T70,6,a_star,greedy,0.1,57000,2,1,0,True,False
C6_T71,6,a_star,greedy,0.1,57100,1,1,0,True,False
C6_T72,6,a_star,greedy,0.1,57200,3,3,2,True,False
C6_T73,6,a_star,greedy,0.1,57300,3,1,0,True,False
C6_T74,6,a_star,greedy,0.1,57400,2,1,0,True,False
C6_T75,6,a_star,greedy,0.1,57500,3,2,1,True,False
C6_T76,6,a_star,greedy,0.1,57600,4,2,1,True,False
C6_T77,6,a_star,greedy,0.1,57700,2,1,0,True,False
C6_T78,6,a_star,greedy,0.1,57800,3,1,0,True,False
C6_T79,6,a_star,greedy,0.1,57900,5,1,0,True,False
C6_T80,6,a_star,greedy,0.1,58000,4,1,0,True,False
C6_T81,6,a_star,greedy,0.1,58100,1,1,1,True,False
C6_T82,6,a_star,greedy,0.1,58200,3,1,1,True,False
C6_T83,6,a_star,greedy,0.1,58300,4,1,0,True,False
C6_T84,6,a_star,greedy,0.1,58400,3,1,0,True,False
C6_T85,6,a_star,greedy,0.1,58500,2,1,0,True,False
C6_T86,6,a_star,greedy,0.1,58600,2,2,1,True,False
C6_T87,6,a_star,greedy,0.1,58700,6,1,0,True,False
C6_T88,6,a_star,greedy,0.1,58800,3,1,0,True,False
C6_T89,6,a_star,greedy,0.1,58900,1,1,0,True,False
C6_T90,6,a_star,greedy,0.1,59000,2,2,1,True,False
C6_T91,6,a_star,greedy,0.1,59100,4,1,0,True,False
C6_T92,6,a_star,greedy,0.1,59200,2,1,0,True,False
C6_T93,6,a_star,greedy,0.1,59300,3,1,0,True,False
C6_T94,6,a_star,greedy,0.1,59400,6,2,1,True,False
C6_T95,6,a_star,greedy,0.1,59500,4,1,0,True,False
C6_T96,6,a_star,greedy,0.1,59600,4,2,1,True,False
C6_T97,6,a_star,greedy,0.1,59700,4,1,0,True,False
C6_T98,6,a_star,greedy,0.1,59800,7,1,0,True,False
C6_T99,6,a_star,greedy,0.1,59900,4,3,2,True,False
C6_T100,6,a_star,greedy,0.1,60000,3,1,0,True,False
C7_T1,7,a_star,patient,0.05,60100,3,1,0,True,False
C7_T2,7,a_star,patient,0.05,60200,2,1,0,True,False
C7_T3,7,a_star,patient,0.05,60300,1,1,0,True,False
C7_T4,7,a_star,patient,0.05,60400,6,1,0,True,False
C7_T5,7,a_star,patient,0.05,60500,2,1,0,True,False
C7_T6,7,a_star,patient,0.05,60600,1,1,0,True,False
C7_T7,7,a_star,patient,0.05,60700,4,1,0,True,False
C7_T8,7,a_star,patient,0.05,60800,5,1,0,True,False
C7_T9,7,a_star,patient,0.05,60900,4,1,0,True,False
C7_T10,7,a_star,patient,0.05,61000,2,1,0,True,False
C7_T11,7,a_star,patient,0.05,61100,2,1,0,True,False
C7_T12,7,a_star,patient,0.05,61200,2,2,1,True,False
C7_T13,7,a_star,patient,0.05,61300,3,1,0,True,False
C7_T14,7,a_star,patient,0.05,61400,1,1,0,True,False
C7_T15,7,a_star,patient,0.05,61500,4,1,0,True,False
C7_T16,7,a_star,patient,0.05,61600,2,1,0,True,False
C7_T17,7,a_star,patient,0.05,61700,4,1,0,True,False
C7_T18,7,a_star,patient,0.05,61800,1,1,0,True,False
C7_T19,7,a_star,patient,0.05,61900,2,1,0,True,False
C7_T20,7,a_star,patient,0.05,62000,2,1,0,True,False
C7_T21,7,a_star,patient,0.05,62100,3,1,0,True,False
C7_T22,7,a_star,patient,0.05,62200,4,1,0,True,False
C7_T23,7,a_star,patient,0.05,62300,4,1,0,True,False
C7_T24,7,a_star,patient,0.05,62400,5,1,0,True,False
C7_T25,7,a_star,patient,0.05,62500,3,1,0,True,False
C7_T26,7,a_star,patient,0.05,62600,1,1,0,True,False
C7_T27,7,a_star,patient,0.05,62700,2,2,1,True,False
C7_T28,7,a_star,patient,0.05,62800,3,1,0,True,False
C7_T29,7,a_star,patient,0.05,62900,12,1,0,True,False
C7_T30,7,a_star,patient,0.05,63000,2,1,0,True,False
C7_T31,7,a_star,patient,0.05,63100,4,1,0,True,False
C7_T32,7,a_star,patient,0.05,63200,2,1,0,True,False
C7_T33,7,a_star,patient,0.05,63300,3,2,1,True,False
C7_T34,7,a_star,patient,0.05,63400,3,1,0,True,False
C7_T35,7,a_star,patient,0.05,63500,6,1,0,True,False
C7_T36,7,a_star,patient,0.05,63600,4,1,0,True,False
C7_T37,7,a_star,patient,0.05,63700,5,2,1,True,False
C7_T38,7,a_star,patient,0.05,63800,7,1,0,True,False
C7_T39,7,a_star,patient,0.05,63900,2,1,0,True,False
C7_T40,7,a_star,patient,0.05,64000,5,1,0,True,False
C7_T41,7,a_star,patient,0.05,64100,1,1,0,True,False
C7_T42,7,a_star,patient,0.05,64200,2,1,0,True,False
C7_T43,7,a_star,patient,0.05,64300,5,1,0,True,False
C7_T44,7,a_star,patient,0.05,64400,2,1,0,True,False
C7_T45,7,a_star,patient,0.05,64500,3,1,0,True,False
C7_T46,7,a_star,patient,0.05,64600,3,1,0,True,False
C7_T47,7,a_star,patient,0.05,64700,4,1,0,True,False
C7_T48,7,a_star,patient,0.05,64800,2,1,0,True,False
C7_T49,7,a_star,patient,0.05,64900,1,1,0,True,False
C7_T50,7,a_star,patient,0.05,65000,3,2,1,True,False
C7_T51,7,a_star,patient,0.05,65100,2,1,0,True,False
C7_T52,7,a_star,patient,0.05,65200,2,1,1,True,False
C7_T53,7,a_star,patient,0.05,65300,3,1,0,True,False
C7_T54,7,a_star,patient,0.05,65400,2,1,0,True,False
C7_T55,7,a_star,patient,0.05,65500,4,1,0,True,False
C7_T56,7,a_star,patient,0.05,65600,3,1,0,True,False
C7_T57,7,a_star,patient,0.05,65700,4,2,1,True,False
C7_T58,7,a_star,patient,0.05,65800,4,2,1,True,False
C7_T59,7,a_star,patient,0.05,65900,1,1,0,True,False
C7_T60,7,a_star,patient,0.05,66000,4,1,0,True,False
C7_T61,7,a_star,patient,0.05,66100,3,1,0,True,False
C7_T62,7,a_star,patient,0.05,66200,3,1,0,True,False
C7_T63,7,a_star,patient,0.05,66300,7,1,0,True,False
C7_T64,7,a_star,patient,0.05,66400,2,1,0,True,False
C7_T65,7,a_star,patient,0.05,66500,3,1,0,True,False
C7_T66,7,a_star,patient,0.05,66600,5,1,0,True,False
C7_T67,7,a_star,patient,0.05,66700,2,1,0,True,False
C7_T68,7,a_star,patient,0.05,66800,2,1,0,True,False
C7_T69,7,a_star,patient,0.05,66900,2,1,0,True,False
C7_T70,7,a_star,patient,0.05,67000,4,1,0,True,False
C7_T71,7,a_star,patient,0.05,67100,11,3,2,True,False
C7_T72,7,a_star,patient,0.05,67200,2,1,0,True,False
C7_T73,7,a_star,patient,0.05,67300,3,1,0,True,False
C7_T74,7,a_star,patient,0.05,67400,1,1,0,True,False
C7_T75,7,a_star,patient,0.05,67500,2,1,0,True,False
C7_T76,7,a_star,patient,0.05,67600,3,1,0,True,False
C7_T77,7,a_star,patient,0.05,67700,2,1,0,True,False
C7_T78,7,a_star,patient,0.05,67800,7,1,0,True,False
C7_T79,7,a_star,patient,0.05,67900,4,2,1,True,False
C7_T80,7,a_star,patient,0.05,68000,2,1,0,True,False
C7_T81,7,a_star,patient,0.05,68100,3,1,0,True,False
C7_T82,7,a_star,patient,0.05,68200,2,1,0,True,False
C7_T83,7,a_star,patient,0.05,68300,4,1,0,True,False
C7_T84,7,a_star,patient,0.05,68400,3,1,0,True,False
C7_T85,7,a_star,patient,0.05,68500,2,1,0,True,False
C7_T86,7,a_star,patient,0.05,68600,4,1,0,True,False
C7_T87,7,a_star,patient,0.05,68700,2,1,0,True,False
C7_T88,7,a_star,patient,0.05,68800,3,1,0,True,False
C7_T89,7,a_star,patient,0.05,68900,3,1,0,True,False
C7_T90,7,a_star,patient,0.05,69000,6,1,0,True,False
C7_T91,7,a_star,patient,0.05,69100,18,2,1,True,False
C7_T92,7,a_star,patient,0.05,69200,2,1,0,True,False
C7_T93,7,a_star,patient,0.05,69300,4,1,0,True,False
C7_T94,7,a_star,patient,0.05,69400,7,1,0,True,False
C7_T95,7,a_star,patient,0.05,69500,1,1,0,True,False
C7_T96,7,a_star,patient,0.05,69600,3,1,0,True,False
C7_T97,7,a_star,patient,0.05,69700,2,1,0,True,False
C7_T98,7,a_star,patient,0.05,69800,4,1,0,True,False
C7_T99,7,a_star,patient,0.05,69900,4,1,0,True,False
C7_T100,7,a_star,patient,0.05,70000,4,1,0,True,False
C8_T1,8,a_star,patient,0.1,70100,3,3,3,True,False
C8_T2,8,a_star,patient,0.1,70200,3,1,0,True,False
C8_T3,8,a_star,patient,0.1,70300,5,1,0,True,False
C8_T4,8,a_star,patient,0.1,70400,2,1,0,True,False
C8_T5,8,a_star,patient,0.1,70500,2,2,1,True,False
C8_T6,8,a_star,patient,0.1,70600,4,1,0,True,False
C8_T7,8,a_star,patient,0.1,70700,4,1,0,True,False
C8_T8,8,a_star,patient,0.1,70800,1,1,0,True,False
C8_T9,8,a_star,patient,0.1,70900,3,1,0,True,False
C8_T10,8,a_star,patient,0.1,71000,3,1,0,True,False
C8_T11,8,a_star,patient,0.1,71100,3,1,0,True,False
C8_T12,8,a_star,patient,0.1,71200,5,2,1,True,False
C8_T13,8,a_star,patient,0.1,71300,2,1,0,True,False
C8_T14,8,a_star,patient,0.1,71400,2,1,0,True,False
C8_T15,8,a_star,patient,0.1,71500,4,1,0,True,False
C8_T16,8,a_star,patient,0.1,71600,3,1,0,True,False
C8_T17,8,a_star,patient,0.1,71700,5,1,0,True,False
C8_T18,8,a_star,patient,0.1,71800,2,1,0,True,False
C8_T19,8,a_star,patient,0.1,71900,2,1,0,True,False
C8_T20,8,a_star,patient,0.1,72000,4,1,0,True,False
C8_T21,8,a_star,patient,0.1,72100,1,1,0,True,False
C8_T22,8,a_star,patient,0.1,72200,6,2,1,True,False
C8_T23,8,a_star,patient,0.1,72300,3,2,1,True,False
C8_T24,8,a_star,patient,0.1,72400,4,2,1,True,False
C8_T25,8,a_star,patient,0.1,72500,2,1,0,True,False
C8_T26,8,a_star,patient,0.1,72600,12,2,1,True,False
C8_T27,8,a_star,patient,0.1,72700,1,1,0,True,False
C8_T28,8,a_star,patient,0.1,72800,5,1,0,True,False
C8_T29,8,a_star,patient,0.1,72900,2,2,1,True,False
C8_T30,8,a_star,patient,0.1,73000,4,1,0,True,False
C8_T31,8,a_star,patient,0.1,73100,5,2,2,True,False
C8_T32,8,a_star,patient,0.1,73200,3,1,0,True,False
C8_T33,8,a_star,patient,0.1,73300,1,1,0,True,False
C8_T34,8,a_star,patient,0.1,73400,2,1,0,True,False
C8_T35,8,a_star,patient,0.1,73500,5,1,0,True,False
C8_T36,8,a_star,patient,0.1,73600,1,1,0,True,False
C8_T37,8,a_star,patient,0.1,73700,7,2,1,True,False
C8_T38,8,a_star,patient,0.1,73800,4,1,0,True,False
C8_T39,8,a_star,patient,0.1,73900,5,2,1,True,False
C8_T40,8,a_star,patient,0.1,74000,5,2,1,True,False
C8_T41,8,a_star,patient,0.1,74100,17,2,1,True,False
C8_T42,8,a_star,patient,0.1,74200,2,1,0,True,False
C8_T43,8,a_star,patient,0.1,74300,2,1,0,True,False
C8_T44,8,a_star,patient,0.1,74400,2,2,1,True,False
C8_T45,8,a_star,patient,0.1,74500,2,1,0,True,False
C8_T46,8,a_star,patient,0.1,74600,4,1,0,True,False
C8_T47,8,a_star,patient,0.1,74700,3,1,0,True,False
C8_T48,8,a_star,patient,0.1,74800,4,2,1,True,False
C8_T49,8,a_star,patient,0.1,74900,5,1,0,True,False
C8_T50,8,a_star,patient,0.1,75000,4,2,1,True,False
C8_T51,8,a_star,patient,0.1,75100,4,1,0,True,False
C8_T52,8,a_star,patient,0.1,75200,4,1,0,True,False
C8_T53,8,a_star,patient,0.1,75300,3,1,0,True,False
C8_T54,8,a_star,patient,0.1,75400,4,1,0,True,False
C8_T55,8,a_star,patient,0.1,75500,5,2,1,True,False
C8_T56,8,a_star,patient,0.1,75600,2,1,0,True,False
C8_T57,8,a_star,patient,0.1,75700,4,1,0,True,False
C8_T58,8,a_star,patient,0.1,75800,1,1,0,True,False
C8_T59,8,a_star,patient,0.1,75900,5,2,1,True,False
C8_T60,8,a_star,patient,0.1,76000,2,1,0,True,False
C8_T61,8,a_star,patient,0.1,76100,4,3,2,True,False
C8_T62,8,a_star,patient,0.1,76200,2,1,0,True,False
C8_T63,8,a_star,patient,0.1,76300,3,2,1,True,False
C8_T64,8,a_star,patient,0.1,76400,7,2,1,True,False
C8_T65,8,a_star,patient,0.1,76500,3,1,0,True,False
C8_T66,8,a_star,patient,0.1,76600,5,1,0,True,False
C8_T67,8,a_star,patient,0.1,76700,6,1,0,True,False
C8_T68,8,a_star,patient,0.1,76800,11,4,3,True,False
C8_T69,8,a_star,patient,0.1,76900,2,1,0,True,False
C8_T70,8,a_star,patient,0.1,77000,5,1,0,True,False
C8_T71,8,a_star,patient,0.1,77100,11,1,0,True,False
C8_T72,8,a_star,patient,0.1,77200,7,1,0,True,False
C8_T73,8,a_star,patient,0.1,77300,5,2,1,True,False
C8_T74,8,a_star,patient,0.1,77400,3,1,0,True,False
C8_T75,8,a_star,patient,0.1,77500,6,2,1,True,False
C8_T76,8,a_star,patient,0.1,77600,7,1,1,True,False
C8_T77,8,a_star,patient,0.1,77700,4,1,0,True,False
C8_T78,8,a_star,patient,0.1,77800,5,1,0,True,False
C8_T79,8,a_star,patient,0.1,77900,3,2,1,True,False
C8_T80,8,a_star,patient,0.1,78000,7,1,0,True,False
C8_T81,8,a_star,patient,0.1,78100,3,1,0,True,False
C8_T82,8,a_star,patient,0.1,78200,5,2,1,True,False
C8_T83,8,a_star,patient,0.1,78300,1,1,0,True,False
C8_T84,8,a_star,patient,0.1,78400,3,1,0,True,False
C8_T85,8,a_star,patient,0.1,78500,3,2,2,True,False
C8_T86,8,a_star,patient,0.1,78600,7,3,2,True,False
C8_T87,8,a_star,patient,0.1,78700,2,1,1,True,False
C8_T88,8,a_star,patient,0.1,78800,5,2,1,True,False
C8_T89,8,a_star,patient,0.1,78900,2,2,1,True,False
C8_T90,8,a_star,patient,0.1,79000,4,1,0,True,False
C8_T91,8,a_star,patient,0.1,79100,4,1,0,True,False
C8_T92,8,a_star,patient,0.1,79200,5,2,1,True,False
C8_T93,8,a_star,patient,0.1,79300,2,1,0,True,False
C8_T94,8,a_star,patient,0.1,79400,4,1,0,True,False
C8_T95,8,a_star,patient,0.1,79500,4,1,0,True,False
C8_T96,8,a_star,patient,0.1,79600,2,1,0,True,False
C8_T97,8,a_star,patient,0.1,79700,2,1,0,True,False
C8_T98,8,a_star,patient,0.1,79800,2,1,0,True,False
C8_T99,8,a_star,patient,0.1,79900,2,1,0,True,False
C8_T100,8,a_star,patient,0.1,80000,3,3,2,True,False
